"","LOC58500","FLJ23311","GMFG","FLJ20232","ENPP2","FLJ11068","MAPK7","MGC2508","C21orf91","PAPOLB","KIAA1239","KIAA0751","SPN","LOC51186","POU2F2","MGC2840","NSG-X","RAB13","FLJ12517","KIAA1033","BST1","label"
"GSM249296",-0.366581113296524,-1.49360655165295,1.76823109339808,2.23580282225709,1.35219553455616,-0.330877051614845,0.0227599029998551,0.910624192669307,0.997448814470668,-2.14465824283188,-0.0492612200393258,-0.901484259358931,0.625179600797558,0.768231093398079,0.361153311087712,3.75658578963549,0.304490402543554,2.21454224230175,-0.930339122031117,1.16254256630893,-0.0492612200393258,"metastasis"
"GSM249524",1.15500558160657,-1.36257007938471,0.976431528861596,1.58273439982904,-0.986703177386542,0.69632360966886,-0.00669465257400829,0.720845928802929,2.19493920859564,-1.48810096146857,-1.09667601941167,-0.973527788638809,-0.442004546879113,2.82442843541655,-0.354008065881284,3.26609243674074,0.121629444401531,2.82537106533632,-0.526068811667588,1.68390435041479,-0.295455883526171,"control"
"GSM249527",0.0605415419350509,-1.60572106088795,1.55195539483284,1.60033772660807,0.210566985939658,-0.613583178660924,-0.64546723968071,1.24792751344359,0.950201766881849,-2,-1.40136256238177,-0.50723119748859,-0.302734529654051,2.54137323217347,-1.21041977967037,3.77648003265783,0.615550820554579,3.23266075679028,-1.68633952109624,1.69089594547022,1.17905601319444,"metastasis"
"GSM249529",0.235378062930929,-1.05585323473352,0.624589574841867,2.83423500531047,0.631678999628187,-0.844349129539806,-0.743065793702624,0.707446507246151,0.792143671821433,-2.3037807481771,-0.581314723706012,-0.911463325398343,0.319734993313446,0.798457445753635,-1.26815683844638,4.21565893881788,0.222914097364873,2.85961734617606,-1.52767676010394,1.66431000386815,0.149078216536708,"metastasis"
"GSM249530",0.8589076807654,-1.37672056772774,1.85519736142703,1.98083143689034,1.31113481481336,-0.388402372775377,-0.791758067006586,1,0.851477475289912,-2.10209818761874,-1.51073791569943,-0.731004035927489,0.112026617734111,0.753891509689744,-1.3536369546147,4.26992523627268,1.12441034218994,3.41559744302385,-0.823122237915921,1.41223451599788,0.84650265987462,"control"
"GSM249531",0.179593649680346,-1.16266744730402,0.680149220145246,1.62460322871025,0.302675133822886,-0.938945965495055,-0.650889293186829,1.60696780880442,0.371779782162886,-2.1168637576909,-0.868936244247313,-0.496277347239021,-0.167328824673886,1.70586639025362,-1.18140400988561,4.20303411946357,1.12345057164281,3.17729746100385,-1.8538293518571,2,0.811506565328071,"metastasis"
"GSM249532",-0.101283335837182,-1.06672611380081,1.50106124311221,1.93006908286527,0.640918906695172,0.121109085499266,-0.679702990691566,0.263713480942067,0.684679292223584,-2.11005354546491,-0.852895705967789,-0.50182126542091,0.161751069996612,2.29726604065309,-1.47892086331083,3.88912150738163,0.320297009308434,3.4884075280051,-0.686245836558338,1.31211380506041,0.34617564113404,"metastasis"
"GSM249533",1.46109084255899,-2.21631790692676,2.34906422482488,2.45693919928852,0.838326309125447,-0.298156198983225,0.0181473467102595,0.915387772285059,2.37217628476465,-2.44579975304953,-0.98185265328974,-1.53559642340018,-1.00915999928548,2.65332129338518,-0.575860293613904,4.15283035139782,1.74742819273766,3.10348701606763,-0.343778816109022,2.73924653541744,0.340075441597622,"control"
"GSM249534",0.211504105193712,-1.82342968491568,0.671563118944566,2.97022143450908,3.79819128638433,-0.413705985533299,-0.397822943926644,1.02378122595604,0.737764649872531,-1.82342968491568,-1.0040019305575,-0.0780025120012732,0.467040978450089,1.84399497599745,-1.37691395416366,3.54374949106659,0.612669429890998,2.97683581235561,-0.26703633639129,1.40199042911834,0.835061851227446,"control"
"GSM249535",0.500767373304728,-1.59975950264924,1.51971647610572,2.28816768898669,0.524841508283585,0.0903465020962539,0.067114195858537,0.695145418471579,1.42420914517709,-1.84212034021828,-1.0703893278914,-1.54146086208457,-0.584962500721156,2.00612090456079,-1.24547603444949,3.62409293495329,0.704209500899816,2.93282738479215,0.389042290745899,2.34914956362239,0.725140158769417,"control"
"GSM249536",-0.16445553238928,-1.73166156230628,1.20751324499768,1.81076689457632,0.898897804854988,-0.256671903610254,-0.407088746163353,0.855505209341607,0.938945965495056,-2.27102719658732,-1.64186489195563,-1.10752846430445,-0.329920885640893,1.61779721430589,-0.731661562306279,3.81756672668166,0.477434036416711,3.2945699792669,-1.06521765944648,1.33304412708154,0.310725747657942,"metastasis"
"GSM249537",-0.0245780227206659,-0.0597062461242678,0.0384741478146356,1.5353804718706,0.779231321143216,0.00486575517181589,-0.127304324275078,1.6027239398855,0.843114685175204,-2.25525705524207,-1.40209844357135,-0.709607478545744,-1.1760303640915,2.08516738326268,-1.38927440321376,4.51399427279397,0.821213770617992,4.57211126161538,-1.29059012835436,2.07363498739505,0.591446534291355,"metastasis"
"GSM249538",0.11429613258861,-1.31618411235256,0.459431618637297,1.89146055503891,-1.07885542071124,-0.350017707428434,-0.340269730876872,1.36873863374156,1.04718193673007,-2.06273575534796,-0.910732661902913,0.0453239905094903,0.41982573812789,1.78414753089628,-1.17088455920359,4.56937085891465,1.02661173024732,2.99423305678111,-0.917964231133988,2.18940400938254,0.379101803274596,"metastasis"
"GSM249539",-0.257909373655926,-1.74210889744217,1.67775098529352,2.0342457979113,0.423994393047738,-0.476214837469131,-0.51237450076455,1.37138523369867,0.385209932622287,-1.81249822533356,-1.22753572461241,-0.353066606696266,-0.379538818057458,1.56947725322374,-0.964501318778614,4.07045044738307,0.509429869553799,4.06309755803686,0.141698085053311,1.27071514291542,1.06279037288913,"control"
"GSM249540",0.501659854026595,-0.876851769227135,1.81041256016622,3.02478310092989,0.823587948913957,-0.0143552929770701,-1.13464952669478,1.27104692588518,0.877063893869009,-2.11905267164376,-1.90332398058833,-0.483285800251116,-0.207000370919466,2.01244476636665,-1.70401517236492,4.5860036745677,0.536545371670453,3.77615611891712,-0.309483328520717,1.58971603069179,0.99104469476552,"metastasis"
"GSM249541",0.153474480661718,-0.626025157343042,1.11660918690986,2.35683370983556,-0.180081616478484,0.14017765804826,-0.32930762525296,1.26793320524663,0.824082008463053,-1.38589115361933,-0.769219793170833,-0.516677761154681,-0.495768771391701,0.939879007562429,-0.92820931693199,5.0984618401996,0.0995356735509144,4.18780652100601,1.06477025539024,2.11999977611063,0.777607578663552,"metastasis"
"GSM249542",0.206665548257331,-1.42365062958355,0.389861771052448,1.91630602235238,-0.471964567363679,0.234304229579611,0.0223678130284545,0.610497592828294,1.02869543300047,-1.52195270319536,-0.0129390557074981,0.164188631893168,0.158429362604483,-0.00645502213729935,-0.415037499278844,3.85375510668606,-0.167109985835258,2.73034882585004,-0.930837975492604,0.799975391692007,0.247927513443586,"metastasis"
"GSM249543",0.387023123109247,-0.825970600224951,0.843880798082718,2.52302573786058,-0.730813367184611,0.0721497857558354,-0.557481764299049,1.31202963382112,0.451563375303958,-1.66091135395445,-1.54843662469604,-0.916168409196529,-0.85913746416015,2.81701096385406,-1.37851162325373,6.63414395098883,1.3463811386119,5.13403133184313,0.691877704637668,1.89450687115269,1.09541956507868,"metastasis"
"GSM249544",-0.282692931604262,-1.3548427173601,2.13206963769931,2.11881100293782,3.08980056665686,-1.01088831614274,-0.465319253721667,0.823279437048835,0.370982319200908,-2.24792751344359,-0.359474166091743,-0.213980181520248,0.914343915455291,1.83650126771712,-0.579549004534792,3.92247449082697,0.499306416176448,3.40175637005679,-1.44057259138598,1.24849831267591,0.865566617697249,"control"
"GSM249545",-0.265683984247743,-0.65270710735699,1.76449627589101,2.43148802005944,0.68577216379422,-0.520256811333341,-0.434283588223488,0.955192204641325,0.929941527525919,-1.94375588936038,-0.952267389215898,-0.234205752774575,0.851424318751121,1.50794008049731,-1.114742086173,3.20527388777058,0.836677733381935,2.94376938138121,-1.36446213872592,1.29431160095684,0.438016063056936,"metastasis"
"GSM249546",-0.347923303420307,-0.18463749934103,2.17719300190635,2.29545588352617,0.248913297589141,-0.944858445807539,-0.815575428862573,1.02783420819673,0.957215133503204,-1.9630057925178,-1.11703942119022,-0.573299583195576,0.380671885760019,1.97638744277805,-0.751086702410859,3.43581906141535,0.99295672299588,2.71192391841146,-0.498602215917975,1.2089468902715,0.180296685514751,"metastasis"
"GSM249547",0.123684822918486,-0.486903485478165,1.1134890558126,2.02922013891499,0.140519261781746,-0.421200238427335,-0.2273205048333,1.33734243427733,1.13380904019219,-1.06413033741972,-1.0335959692716,-0.363097283863767,-0.75304380217978,1.77159922926756,-1.66851029196811,3.91816170794354,0.922304934998482,3.66887591849541,-0.311816778920074,1.07897317411209,1.70299190659401,"metastasis"
"GSM249548",0.38414349133306,-1.37168113008446,0.311128694034839,2.58006370130832,-0.138481953791431,-0.761627648400475,-0.262056638909964,1.27924463301505,0.580063701308317,-1.99511777862025,-1.16017702489075,-0.589861300133996,0.263034405833794,0.761213140412883,-1.44968364208574,2.84323440975839,0.962847001582534,3.23577897495136,-1.04469980747081,2.35480594627748,0.250756076055357,"metastasis"
"GSM249549",1.03151991400761,0.0229916426262292,0.821357781456579,2.7141903360776,-0.35267161831847,-0.266514974568756,-0.7311832415722,1.12746090918226,1.08439218729037,-1.58496250072116,-1.19181760729115,-0.266514974568756,-0.133453444777166,1.93784352393743,-1.20511442990461,4.67322037173271,0.82463291348944,3.94237318241794,-0.647118976783726,1.20490499460761,0.931781771150229,"metastasis"
"GSM249551",3.85174904141606,2.3406978989072,2.40372218605101,2.33134352163122,2.2968069821345,3.06557641453594,3.22423142100023,2.32963619002263,1.85442317571438,4.48016508532796,4.82926969848605,0.802439431643488,-0.0658879356564571,1.57778846783342,4.35440682124707,2.42306587303478,0.913744266649581,0.724026538458708,-0.509674373416919,3.32493058304889,3.2968069821345,"metastasis"
"GSM249552",3.43140978839362,1.72056398722672,1.47944053210451,2.41817038876381,2.46360729460849,3.17826430235504,3.63664563408285,2.30425706856031,2.40006265531131,3.95702631417685,4.72151531930266,0.944586879681393,-0.168357706295352,2.09506825742954,3.26477573983022,1.48393258048991,0.810338780496425,0.294061301454418,0.217005874789389,3.50728906841156,2.7382195664667,"control"
"GSM249553",3.83084078930827,1.29459101026672,2.18077821252644,3.77736438545952,2.43762078464597,2.426373330058,2.73556423898959,1.47840639949247,1.26186670440146,5.12072020940799,4.52579318960541,1.10140203220821,-0.46410810584677,2.21838493253492,3.50825632723903,0.753676534374134,0.945282830290931,0.45985600312069,0.12941640837781,3.02200862093376,2.90657930096045,"control"
"GSM249555",3.13773604773156,2.23113605440842,1.71063548524698,2.50520624011746,2.7822895846757,2.81464495798808,3.83450467022684,0.885588209879715,0.942597688955078,5.59017559271054,5.29716018973842,2.5781250706676,0.437877475636955,0.608641497190667,3.67142186760337,0.907572559715232,0.984569959430394,1.66296501272243,-0.358191638874134,3.44070721510099,3.39183010811752,"metastasis"
"GSM249556",2.79148558334067,2.66910850692107,1.71931172960233,3.35469612435678,2.42475265411206,3.2307236959284,3.88021779541716,2.11247472925841,1.08210108021489,3.70443334018162,4.55071212562659,1.38050981615057,-0.201958829082026,1.51619691530942,3.84266179079356,1.0479344770637,1.10040189695784,0.87800947562139,0.385493223664828,3.04872004476124,2.90255165988418,"control"
"GSM249557",3.00368818703011,1.12265575934262,1.78823672027206,2.43823834272071,1.79818148174357,3.13839849588837,3.10330571329677,0.92158710681522,1.10215935245704,3.08833149860175,4.4240874473444,1.52463196651983,-0.0450097349175658,1.95752798788433,3.52634233428494,0.260570365882313,0.546710131978899,1.45449932309507,0.0146965112067018,2.73153914035886,2.59396147826821,"metastasis"
"GSM249558",2.26215013057418,2.06126793792285,0.901221845521826,2.29104878200339,1.46405317637767,2.94651070219072,3.52282381583068,1.16425625135562,0.732716121164849,2.89038946672084,3.71795860492142,0.538976295446976,-0.034351504790777,1.26303440583379,4.77082904603249,1.3915089637826,0.773003417266827,0.190521906049426,-0.224515593229418,3.40037719257271,2.18959203489839,"metastasis"
"GSM249559",2.49438421747172,1.48598829635067,0.853228807269375,1.68493489140599,1.33055058480256,2.34300110471558,3.00979430130294,0.591499417391494,0.04260617137786,2.53835546991596,4.37423405194188,1.72353773062974,0.0349525988344246,1.63897343537127,3.73036601499724,1.40962215579376,0.93363438116741,0.831302928703218,-0.542356329343296,3.18036989803965,3.44398236460076,"metastasis"
"GSM249560",2.77498667150615,3.07324898203064,1.38605843230708,3.67456679262576,2.52830610712884,2.6003634731578,3.73532523578495,2.11295281600439,1.37556605848944,3.73080460953953,5.50237978944987,0.356485316923731,0.241008099503795,0.980745442920055,2.81280935214971,0.791656235699616,0.642106407824765,-0.0614005446641432,-0.357893592175235,2.52451203514363,3.61337091590691,"metastasis"
"GSM249561",3.37661873642077,2.30322724920968,2.54244566860337,4.51641634936949,3.05889368905357,3.3120578508633,4.02169507109932,1.46735853440893,1.71715711308603,3.74064959542127,5.2060523507868,2.29656864489325,-1.33014860169233,2.53114512747608,3.3403896307349,1.22473255979096,1.06934804669074,0.927149434592319,0.394397733219808,3.19102181624407,3.83250647168185,"control"
"GSM249563",4.42530583473267,1.61965521888732,1.70360699721978,2.49276880251141,2.93381240808722,4.83489738201453,4.21723071622067,1.48869454100415,0.907806301790254,5.69222525086316,5.42221163865803,1.77760757866355,0.35184367279165,2.31734082539171,7.63742992061529,0.689476668384887,2.07908683752461,0.858138916975564,0.504923002796039,3.55332149101692,3.51657552574091,"metastasis"
"GSM249564",3.43246457103703,2.11917170097768,3.6506794719746,3.58005612856315,1.99732586570167,2.33151414371656,4.80640044300136,3.40498383461492,1.7671054542382,3.98455559560898,5.82452272612871,0.765534746362977,-0.569020956852135,3.16278293219829,4.13750352374994,1.03170885972734,1.36197625552743,0.574236094128098,-0.886991038170814,3.91328836680667,3.48208338409587,"metastasis"
"GSM249565",3.17387064378689,2.02017788193763,1.524445148641,3.38260880578417,2.7949649415388,3.53061240400903,3.27389407557117,4.44154145974141,1.32598631146172,4.469555835911,4.91751916353966,1.48687750103897,-1.08365792904691,1.66082451523646,3.24525139499699,1.2404218366955,0.961388550730025,0.982109841104111,0.220940287302535,3.06153282797733,3.63284163999028,"control"
"GSM249566",2.38418713112155,1.99101121677275,1.3555836490686,2.40633046491312,2.58794635915998,3.35163886296569,3.86507041991389,2.10162502227364,1.18478296016943,3.65670243380971,5.12582254656965,1.11616634809504,0.257797757467647,2.28195161917642,3.72266966552456,0.821367964191965,0.669083121885383,0.699750258132324,0.184782960169426,3.47079148080185,4.18058871767786,"metastasis"
"GSM249567",2.45972898956299,1.41503749927884,1.90710867361375,4.14610249200537,2.42542763768271,2.28145434490025,3.88535743405888,2.35235626652271,1.39153830354997,3.29351596217713,4.91797075655273,0.868210127444459,-1.35837009085542,1.57291715906056,3.58741397971525,0.489160753656744,1.13869263986167,-0.0465425859370302,-0.614709844115208,3.66348145985194,3.34786488407099,"control"
"GSM249595",4.73950446946408,4.0012290459703,4.28102377835167,4.57756615563005,2.80454173616611,2.64909283814087,6.59876309570923,4.70974178339188,2.89635992811635,3.44143518934345,7.15808176238202,1.08900500605875,-1.16664986940945,4.2729054261011,5.71061861131435,1.34017380381537,2.56847437793259,0.00654284586677209,-0.804079790024743,4.98081466846844,3.5098109857972,"control"
"GSM249596",1.87269567572492,0.266280065337448,0.484033591870376,1.6218538781731,1.73159424071163,2.96921148537752,2.57681626201952,0.676243007710445,0.282399730700725,3.24381726838167,3.7859604865962,0.274362411635307,0.216811389073148,0.779231321143216,5.10894821799164,1.5013530680704,0.962974143016533,0.620269369457109,-0.0295442756140153,2.15686884861687,1.79476710068925,"metastasis"
"GSM249597",1.93537915256821,0.487187285034679,-0.00617857492912426,1.49376993542465,1.2037767431691,2.70233550690389,2.41619304202455,0.339088646045545,0.433416028593699,2.43683608955741,3.437974310556,0.123988717275453,1,0.881179339505693,3.2863504246413,1.47614901358223,0.987616275544168,0.0305020883973439,-0.135655099357566,1.74618412419558,1.23029761942179,"metastasis"
"GSM249598",2.71881824745595,0.994524869933849,0.868495216871508,3.41452508760914,2.22706890854592,2.8639985014153,3.32028773650611,-0.393342428179525,0.308752706139629,2.7279204545632,4.48112668973662,1.17235173883685,1.59404179463202,1.02169507109932,2.58496250072116,0.343623165986681,1.29990178855736,1.36074734377789,0.194010619966626,2.47916783669856,2.48601221774061,"metastasis"
"GSM249599",2.78480701514313,0.370457988815021,0.625516599071791,2.64840489046636,2.13901273188073,2.73862563631307,2.19294165416728,0.700439718141092,0.51029570128314,4.95511454211887,4.65142940947953,0.91446381531332,0.127111917903339,0.946829340978662,3.64916161486917,1.17413725272923,0.513623719000894,1.09414715455555,-0.231119225757032,3.124937546669,2.00473791900666,"metastasis"
"GSM249600",2.00596566683639,0.379737362529578,0.234863733142633,2.40478873458495,1.31873629039765,3.3938348513077,3.26170534536127,1.09820661307839,-0.028170672691161,2.68874295862414,4.57646868720139,0.875193544263719,1.63586339902119,1.19189763208807,2.53770106687897,1.3282905971109,0.930606664582326,0.667572258748532,0.251698172005893,2.87084151972401,1.67258162156228,"metastasis"
"GSM249601",2.00995652703242,0.383728222725612,0.238854593338667,2.40877959478098,1.32272715059369,3.39782571150374,3.26569620555731,1.10219747327443,-0.0241798124951265,2.69273381882018,4.58045954739742,0.879184404459754,1.63985425921723,1.1958884922841,2.54169192707501,1.33228145730694,0.93459752477836,0.671563118944566,0.255689032201927,2.87483237992005,1.67657248175831,"metastasis"
"GSM249602",2.4941744082398,0.698830465279435,0.506185387337039,0.986872566014388,1.20662510547813,2.27409956979675,2.40421600602533,0.626185163447669,0.472676125146788,2.75952639696699,3.36315075761388,0.195256291398934,0.679378102613262,0.666262602823004,2.66708582398137,1.5299114572123,0.764919655737208,0.833990048561071,-0.450312974026374,2.27301849440642,1.67447375214224,"metastasis"
"GSM249603",1.72733842280203,0.601995697880598,0.73147222230904,2.46409701574241,1.78216946401681,2.86869427204757,2.30746313921211,-0.751892138404309,-0.333972130592344,1.64207313725593,3.56425360388905,0.986227150378268,0.572342423866222,1.25099037012881,3.51054101922704,0.140304572061176,0.642073137255934,0.236519887320479,-0.488857732570515,1.96969926037107,1.76613935419786,"metastasis"
"GSM249604",2.23088388223009,1.51576499036213,2.28570790697461,3.18573551628977,2.24352809148231,3.48201619900759,3.48840452697014,2.89491795394244,0.774623720224731,3.27342957719617,4.67452788551714,1.91402677689015,-0.04849851769119,2.14722595318318,5.47533147274484,0.556870193691803,1.29059012835436,-0.0119726416660759,1.18966121950357,3.84019270188558,2.99102984649545,"control"
"GSM249605",2.17942497318304,2.25815218445405,3.32426570551095,4.04557520418978,2.63729065761592,3.05264147974123,3.96946041904062,1.80400889417761,1.14809863898913,4.12414926263933,5.2345261769723,1.73774521863311,0.721283971933937,2.26140883378475,2.97244427747944,0.566650622444215,2.12861443191367,0.804008894177613,0.894883294185786,3.19057215228507,3.25243529880387,"control"
"GSM249606",3.29676614833063,2.27673319241208,3.10323877801079,2.43844210361379,2.75238846283968,3.79478022928698,4.47285213439962,2.0898402574009,1.26976026902211,4.69602502372421,5.21799166001153,1.17739625087345,-0.493539472957562,2.50646052704244,6.73122385284163,0.55315376249048,2.10871985124463,0.83973359552381,0.607261167829931,3.70871326076361,4.20397684997676,"control"
"GSM249607",2.05293213081485,2.0439433475876,2.49548418060543,3.69872256454711,2.2026035229341,2.43763411177505,3.43832029254465,3.36226018892258,1.13479677803871,2.23139440161492,4.72426770443161,1.12460101093282,-1.04532399050949,1.78163010899746,5.73380158390684,1.0935741153122,1.49548418060543,0.40571170700675,0.388771844585038,3.26813801155803,3.15914309697304,"control"
"GSM249608",2.83468921593079,3.38048370700029,2.63635159255785,3.38280035951075,2.89679471787301,3.60444854815549,4.3055371059931,4.09701831984836,1.04457702839716,4.11663759312867,5.29604263456039,1.53792504459751,0.508524128156953,2.09348662887811,4.87679947290001,-0.14597930581728,2.11315366233419,1.14625710413328,0.461076965754493,3.3423071754922,3.01277062006836,"control"
"GSM249609",2.85752451828754,2.31795190025038,2.7534161149468,3.4552140899347,2.9460611928892,3.01971823461451,3.84191773822274,3.21409627978136,1.54922828898794,4.70145749246259,5.22687614225579,1.69942122530607,-0.598259323334614,1.89181156765305,2.59485530547959,1.49860221591798,1.89181156765305,0.723668771552748,0.567206029916999,3.762709656417,3.3694472734585,"control"
"GSM249610",2.54082307198758,1.408911396482,1.64483395669855,3.80851885519124,3.19328172021957,2.91933469524131,3.23240060079987,1.56581745145445,1.03622018791275,3.82529120532618,4.90485145033492,2.30964976510893,-0.860275236333387,2.28644681744593,3.65554588269058,0.687212558969106,1.53801899911088,0.780321963360588,0.427212213224946,3.64059217245283,2.95288106274278,"control"
"GSM249611",2.1573797481232,0.698997743967186,2.19673783257628,3.07639917475298,2.31064228734085,2.79120518206427,3.01861567816735,2.28396024468834,0.733213459305099,2.79255792012952,4.27382586755463,0.957215133503204,-0.421296489750526,1.9548005805699,3.95600836217321,0.584962500721156,0.995308304675278,0.134092895587283,0.0460964145894541,3.5708413924765,3.1287475947674,"control"
"GSM249612",3.40948169736203,2.8007269086805,3.04743014403721,4.45275327664073,2.22789259971354,3.7234008665844,4.87280242841834,0.93692131737662,1.3956200454516,3.91611895356206,5.99903530919783,2.35999613572088,0.0969617298870881,3.03336410761215,5.16971068144773,0.207993042275832,1.55376787911756,1.73850775897461,0.43038546361228,3.81778739597692,4.38347328755132,"metastasis"
"GSM249613",2.72724316473296,2.77626115295604,1.8881071199291,3.87740241958586,3.09546262995954,3.48722010899329,3.65557967053357,2.81553464654032,1.61339090904767,4.1380743552463,4.76151815562628,1.81859012606059,-1.02169507109932,1.81451471363047,2.38923802984679,1.70429940524588,2.29439214519898,1.19129865223488,-0.00719550140420389,2.96641577411527,2.70319769076631,"control"
"GSM249614",2.61498498382061,1.12581175330852,2.37877089094081,4.91473439379341,2.86123187861682,4.26801175948692,3.52004032280091,1.03661014313421,1.25571249453647,2.85192413639059,5.25324000885695,2.18927035116174,-0.0904152952222183,2.55315376249048,2.62813035987753,1.42595115943059,2.56117193738641,0.969339447298205,0.55315376249048,3.86540085097301,2.72613856368185,"control"
"GSM249615",3.52773763202821,2.29367367818416,1.25938662881865,0.101283335837182,1.11345804978328,4.26576419858937,3.40599235967584,2.42646808005525,1.52242103465244,4.3743018302436,2.87566093544851,0.84799690655495,1.10128333583718,1.51632083511603,4.30742852519225,1.41175491528954,1.93059399263347,0.688960221255374,1.11345804978328,1.07246963833245,2.86849521687151,"metastasis"
"GSM249616",2.21798724221645,1.87606767214162,1.93246684231453,2.56577548080111,1.89274641328825,3.39147937742212,3.31044653105444,3.20945336562895,0.941656013769195,3.5027590503014,3.04971575962665,1.77943910746215,0.692296544832478,1.18934245526955,2.65507253424698,1.18547981563715,1.28630418515664,0.885621978854867,0.0174874267288411,3.608232280044,2.78199934778071,"metastasis"
"GSM249617",3.98899167582341,2.8431146851752,2.19355865794605,3.14809863898913,3.19462377061228,3.34801033596887,4.58739742963821,2.20205762238312,2.0479344770637,3.99267045820151,5.60232268969771,1.16992500144231,-0.278716028066063,2.26830490081494,3.60592993018459,0.504792152037173,2.26425238399047,0.924972954591976,0.397876948120661,3.79054663437105,3.27436241163531,"control"
"GSM249618",2.30728131892296,0.932885804141463,1.33064531198847,3.12218743900949,2.10196241094545,3.67099594024861,3.22706890854592,3.18121501466154,0.830074998557688,2.91367520017563,3.48308288670194,1.85042364394949,-0.153623189113212,1.7927081460932,2.39301119294884,0.359328066692556,1.71049338280502,0.53051471669878,0.138827704697317,3.73368301017691,1.8942053359774,"control"
"GSM249619",2.63930233494806,1.48542682717024,1.77833602858607,3.09413368206382,2.4166759946746,3.82843464017643,2.81483004261975,3.93460227673048,1.05994254045628,3.75585868701394,3.95278536157917,1.91676613877819,0.241008099503795,2.00218424726188,4.36499681677925,0.661583782324069,1.58496250072116,0.76810410597511,0.084888897586513,3.11950709445609,2.50095652546385,"control"
"GSM249620",2.96054371110331,1.67872045313025,1.83816096883878,3.12779952576964,3.01676821338089,3.34866447735949,2.88808619417046,2.99740288851396,1.97909101023702,4.53211061845542,3.86761207703315,2.12898644072008,-0.212050477114989,2.44330135149757,3.63343957382939,1.27766370845835,1.26907621262163,1.22978708150757,0.264763219750545,3.79619137622714,3.08440693025626,"control"
"GSM249622",2.44920211436913,1.29628621163018,1.86081359674254,2.24517089590332,2.26396849135745,3.08438156920607,2.95347273181739,3.16992500144231,0.919295616499299,3.87820183679247,4.29628621163018,1.67666964188134,-0.59245703726808,1.59983577720269,4.13248308119428,1.3114248084681,0.760689788230002,0.899396059061594,0.094043489915138,3.61150266597138,2.81587270349931,"control"
"GSM249623",3.62944943669372,2.16481086974567,3.13792115149663,2.60322470711388,3.08367410702026,4.01826220639273,4.24937770124291,2.54772959452218,1.4932818104998,3.16378586434491,5.47211519063834,2.75386612510071,-0.802767652561952,2.25996810278601,3.24550728969047,0.282808079144122,1.93660043181956,0.824320323831881,1.03180873823068,3.35912002981494,3.14624841871924,"control"
"GSM249624",3.27500704749987,1.48800077083407,2,1.81147103052984,2.7158933705476,4.38543103719352,3.89772447021644,1.75915583380027,1.14404636961671,4.10349763970334,4.95233356636969,1.02502879449152,0.0565835283663675,2.8499992594661,6.66370040990302,1.25398926623079,2.01970191444255,0.752748591407134,0.137503523749935,3.80322703643493,3.09423606984577,"metastasis"
"GSM249625",2.24542995741332,0.883675882032768,2.01348322936362,3.07826985102564,2.24113834778095,2.86427335081025,3.04583014724612,2.80056575639497,0.753130413597213,3.39586094257959,4.27651763519742,1.82943986975989,-0.647246778975499,1.31513892922472,3.182662459251,0.732895929857159,1.28209866746072,-0.105353000146229,0.331379570231934,3.47413437050878,2.8605478612232,"control"
"GSM249627",2.78171899507075,1.1001942880526,1.90293258203984,0.489655540625429,1.54149447214505,3.83808143768987,3.4449864912917,2.8896602249468,1.34933425222801,2.83115538002419,5.56213785458084,0.424885285235191,0.0196288067489326,1.67745418082964,4.72605481995576,0.63035440353517,1.31002132820319,0.964993550172087,-0.0400774393753352,3.54911212279612,1.9801004425623,"metastasis"
"GSM249628",3.39415314645294,1.53525458146624,3.12994414658652,3.70281159708207,2.49886520149505,3.78121943494602,3.84004578543667,4.45627204677753,2.07881438317683,3.73155499833284,5.67136603890967,1.6305250781016,-0.752478593537531,3.29230932820931,4.48239276708061,0.38384287767525,2.09515723304034,1.15700911355703,0.292309328209307,3.93288580414146,3.33880191345176,"control"
"GSM249629",2.96015973546821,3.37158598119467,2.82489065778296,2.49222728775724,2.6543713432361,3.11978892128944,3.35741508106264,3.90576743864958,1.52965082742693,3.16742790858024,4.82072531552622,2.18296429651347,0.0818382920564613,2.2564702961763,4.85914196222957,0.0550713824936759,2.337561166254,0.79850647198944,-0.211208682843772,2.86088166303232,2.2935834691934,"control"
"GSM249630",2.65230596873606,1.37540403984241,1.85135591864486,3.44004150540874,1.5782209228421,3.56293619439116,3.70508857836421,5.29468500718355,1.58832151281107,2.98860524539989,4.99905386702857,1.68247900663542,-0.37851162325373,1.46218048267799,4.00377833923744,1.55093509692096,0.943416471633633,0.331981759551285,0.402371087442683,3.82026824086077,3.08686926171475,"control"
"GSM249631",1.9919025323014,1.38512192137456,1.57415574576457,1.84680014577219,2.29804546455028,4.08111573448446,3.33798794578346,3.5759625024702,1.47306962065026,3.76363354462829,4.69213402426895,1.48849966121987,-0.511500338780135,1.69546204198671,2.56508786524621,1.33051559072409,2.14336417517118,1.2513234233071,0.46529227005854,3.24792751344359,2.75089443279761,"control"
"GSM249632",2.65614126504314,1.34365286604208,1.83689919767162,2.73895414725966,2.52572329734648,3.39940684756508,3.15436419529226,3.56155789638621,1.27541813028963,4.09446906323143,4.30943715070417,1.44944753006468,-0.493408562831716,1.38614494815616,4.29683711392453,0.449447530064675,1.72698150559358,0.808775596757231,0.01976325482143,3.52485914934766,2.74044376540015,"control"
"GSM249633",3.38838637118885,1.65535182861255,1.7379957227647,3.90963597234734,2.72402653845871,3.4566184327458,3.37155886261196,1.91511110241349,1.38641682133908,3.60542660328087,4.9906307685073,1.86223882913073,0.859401669827199,2.6667565918848,5.0614676327174,0.245756414401958,1.75946023195329,0.543142325026529,0.41761144294267,3.18246529805999,3.13515958328164,"control"
"GSM249634",3.05276014487046,2.37064337992039,2.23482952457467,3.01179197733162,2.18602667573393,3.3291960953514,4.12260579338124,2.32192809488736,1.43133931160794,3.37134764893164,5.1507729995457,0.792708146093203,-0.54189377882927,2.02706824319817,3.85596956916091,1.20036611500645,1.32192809488736,0.570315724756755,0.084888897586513,3.34863874853335,3.09515723304034,"metastasis"
"GSM249635",3.23423403398096,1.83871909296694,2.46781453031671,2.13245029602365,2.83613129847778,3.22239242133645,3.62223958480328,2.90565699566941,1.42884329880387,3.43569696984494,4.6094155444457,1.31078753728216,-0.241008099503795,2.13666254731056,4.08963721248468,1.3256225784451,1.93859945533586,1.54748779530249,-0.465223256447061,3.95180774189277,2.81657345208698,"metastasis"
"GSM249636",0.559427409,-1.124545098,2.456470218,3.338108022,1.745617464,-0.055282436,-0.470319935,1.787067908,0.950342114,-1.411426246,-1.078002512,-0.287098111,-0.172639386,1.94753258,-0.579549005,4.754485693,-0.287098111,4.063009798,-0.485426827,1.599353593,1.053242021,"metastasis"
"GSM249637",3.55634740209081,2.37603550022681,2.72913360440779,4.06951390611643,2.80604159011357,3.95033764425951,3.85639579000062,3.67188470301411,1.43329970567157,4.03517558932908,5.28657983303333,1.92454777157053,-0.363883411328741,2.40408391787872,5.07987539679989,0.550869302052748,1.69122118811171,0.948553234581324,-0.411977699529786,3.22206420041798,3.1565903629407,"metastasis"
"GSM249638",4.22134963485022,2.21821674536525,2.73779928100876,3.32359498709,3.72398146057775,3.67650744259798,3.87938847626463,1.40772211577708,0.715118891867958,3.42490655874593,5.41653518558339,1.43881588487865,0.631460962821048,2.16899811734947,5.20448633554269,-0.390234108278271,2.87143346179162,0.715118891867958,0.454115021261535,3.72965021066445,3.78937344656138,"control"
"GSM249639",2.89469014200299,1.70393999088332,3.03654960436684,2.93198157657135,2.43997300903716,3.41882907844122,3.85220915784187,2.50695998871988,2.28501277492929,3.48474870962972,4.88572847924766,1.25986712675511,-0.22112745409987,2.12711191790334,3.75713556656987,1.93595594558865,0.868936244247313,0.720163238601671,-0.0941221773645501,3.16231181733244,2.69341359204171,"control"
"GSM249640",3.19129865223488,1.52636784681031,1.71854565509975,2.92401477339973,2.64643780998205,2.97420053056794,3.80581604720141,2.83477761752298,2.18183832298581,3.72913877557091,4.60279579380847,1.59568890731421,0.162729500038108,2.71034384198696,4.17529817354116,0.939535358736106,1.71854565509975,1.0160598508961,-0.183446141095931,4.24736075050529,2.52636784681031,"control"
"GSM249641",2.86190314083521,2.55620350773973,2.35012498671801,4.47829064588861,3.29703691934565,3.4757334309664,4.06154884039752,1.00946032924907,1.75769703575029,4.23739867579694,4.99167101580554,2.44381600572769,0.109624491174498,3.23991252037947,4.52644775935848,0.0466932354480416,1.96881834475172,0.961525852185364,1.25986712675511,4.06211716620392,3.33703498727757,"control"
"GSM249642",4.19942573451442,3.2680100011245,3.00813297197261,4.65713438912422,3.33563722818964,4.82766585330712,4.73515202379428,2.26273230237946,2.63367070592839,3.53330038089866,6.52568802505538,3.05599088115093,-0.351222401681401,2.8512154132794,5.63074731072163,-0.120924782259606,2.41730126098746,0.716522204954434,0.914122164839595,4.23528061711554,3.73024396562344,"control"
"GSM249643",3.30856495301067,2.77333798383117,1.61867186232793,3.68699713489212,3.06257247143167,3.72386060654284,4.11901468149114,2.54344323128289,1.60191563400235,3.67503111350748,5.58325617877075,2.12723518829611,-0.0951572330403401,2.64344685652162,5.14700640920916,0.286713402303304,1.99743975968144,0.843442222295517,0.518660130353001,3.66699826958717,3.60612297160334,"control"
"GSM249644",4.41372631583779,2.48212786607165,3.8073549220576,4.33195846002463,4.13359028681153,3.68747741134709,3.39550922726847,1.50742590025014,2.40028373258882,3.59402074614255,5.4828782926378,1.90016473242021,-1.1594782140072,4.22837127382587,4.64217766132373,0.281094377378785,2.87523144028045,2.51917908167581,1.20309186537751,3.57655026090496,3.98259568132266,"control"
"GSM249646",-0.0516841552889309,0.531815907353739,0.617039207222769,2.90152163323213,2.73865691328241,0.817593251687013,1.45055821563011,0.505235308250422,0.903784684740697,1.55215635563791,2.19739686828318,0.140960922653465,-0.32087078810432,0.673834912226167,0.630766190334281,0.186284913162955,-0.274076576625379,0,-0.396819641337619,1.4081460529464,0.586372070975828,"control"
"GSM249647",3.83600710945201,1.85729935323401,1.92131111135469,3.39795295744819,2.40636519726439,3.95036614431182,3.58989479626339,2.01962880674893,1.70802089712549,4.23905899313017,4.93655727166262,0.571726673564462,1.28185065551203,1.77307144645724,6.27433825978853,0.261386552952311,0.793169015814293,0.729038678394577,0.380031049450931,3.41750575486959,2.40263247838806,"metastasis"
"GSM249648",2.31428128348209,1.30015598555228,2.13923579737117,3.06219476160734,2.8432224012346,2.59341169055697,2.88339689294158,2.0652352159274,1.62672214671971,3.22941174716138,4.20342885929866,1.65726728997334,-0.358942937207918,2.3433765141514,3.52825185705968,0.179076061902963,1.74709870020241,0.281975969487254,0.297572824538273,3.14355740332127,2.60285825422307,"control"
"GSM249649",4.28341913258315,2.82017896241519,2.76534530442969,4.2814333166593,3.18345815709601,3.22813152923455,3.85353234824496,1.77948486590422,1.94083792753186,3.57850747858386,5.56917749079043,2.39843832733955,-0.44980291743952,2.57418802912698,5.20334800297976,0.332196430341189,2.52132000527034,1.15842936260448,-0.476438043942987,3.89568346692881,4.15770783468702,"control"
"GSM249650",2.08370288332099,1.303942349414,2.50174913247217,2.8415991353568,2.26197007893868,3.07463880089276,3.15423562739034,2.35224854623029,0.389274403213762,4.35661751573241,4.07993310056227,1.51521139227874,-0.360747343777891,1.98395205876813,2.79820653984342,0.77973387977194,2.03780203271238,0.29876211030832,-0.176322772640463,3.1369230791471,2.61444926522154,"control"
"GSM249651",3.91300371933513,2.61677123895183,2.2618853057803,4.12059284987366,2.96629878477128,4.13530899246165,3.90872725408814,2.60926109684455,2,3.6107662561265,5.35956772416792,1.73880225264582,-0.694707906704499,2.95567766901471,5.39864839400158,0.25996810278601,2.27143328927946,1.33108809417284,0.665381183176454,3.10945638734961,3.86335770105381,"control"
"GSM249652",4.07389811366854,0.971020933028234,1.51498297116823,3.18982455888002,3.17356357850566,3.3762240722025,3.20546005064879,2.08553281415194,0.50635266602479,3.55214508453888,4.26486905457227,1.17537943153442,-0.626541604472556,2.03742215875074,3.7466669953585,0.188026807817623,0.227068908545921,0.797956224055354,-0.216257635164346,4.13442632022093,2.31370758808239,"control"
"GSM249653",3.19547422549549,2.64762112928602,1.78754166827445,3.17233955437561,3.0099340896109,3.87364505035453,3.97578317259502,2.13651458617604,1.26122083546186,4.58647206980405,5.00203754531601,1.11156822904581,0.440190976507182,2.25819314276429,4.16710290600947,-0.369838079848747,1.96700172444254,0.789640134158449,0.553199938336368,3.29632827165107,2.87710297540879,"control"
"GSM249654",2.83065887287902,1.6696378081021,3.00977786407298,3.46857656441303,2.68075577258625,3.13631381227458,3.30538841873743,1.643557154632,1.52778084007388,3.19951978363061,4.18746746469983,2.36391911998159,-0.977747193152872,2.53939992334071,3.69900148151426,0.808422399014104,1.95540146879034,0.574961108563657,0.3114248084681,3.54357281211747,3.20763395035691,"control"
"GSM249655",3.17442767085119,2.42994980150995,1.82880608667404,2.84070147076715,2.43609911480667,3.4554008033282,4.86166604193543,0.99260154767884,0.902702798645085,4.14927932797903,5.34553286526317,0.746527207310731,1.14719841741937,3.15260255442028,4.26913265929446,-0.622340110535187,1.48832301309584,0.568884292707582,0.518258219637614,4.10836402363473,2.29135031717867,"metastasis"
"GSM249657",2.13237714261031,1.1064683877128,0.644856556190091,2.22981905691125,2.34509112750668,2.23070768954845,2.35734859326196,0.570996321557154,0.161561528507686,2.79539220806891,3.7443477837378,0.142800600399024,-1.31568715491322,1.25711529153455,3.66109844100232,-0.918928389352682,0.896288650477892,0.00416362494153615,-0.284881108132042,2.12761419658435,1.71892380407139,"control"
"GSM249658",2.67740874948575,1.54916177929331,1.78905410531466,3.18400018665404,2.76428620016572,3.84917509775223,3.91253715874966,3.42922210805927,0.934904971778115,3.85944343320606,4.95897910675697,1.72310879349081,-0.0213736507925669,2.44391861926597,4.71505352387088,0.338801913451758,1.67408839119414,1.11220950358602,0.474779582970733,3.44586689105549,2.6724253419715,"control"
"GSM249659",2.90424101719457,1.61551996769713,2.47022041454815,2.26523867676052,2.95973612978627,2.83451454024104,3.15291276332987,2.46183611092871,1.72767070211024,4.25626279926372,4.24234378110956,2.3351034836351,-0.873366561468983,2.16403042719146,2.12055892412133,2.25140640358095,1.42903236833313,1.22616911208193,-0.316973212944598,3.17579558956681,3.34490665866545,"control"
"GSM249663",2.75067876182239,1.62755437744562,2.00808234629786,3.37757612443728,2.22470628717469,2.76028076093369,3.8982192244038,2.55217256560349,1.55768957057105,4.11110635699543,4.82404697189214,0.9836981876709,-0.28590887208638,1.85965692372753,3.68917349570929,1.08650899325467,0.568660688392056,0.168122758808327,-0.0163018123291005,2.91228385437874,3.22123409526789,"control"
"GSM249664",3.7675019090597,2.71183547281783,2.19287745211394,3.60832151615266,3.21547045362641,3.44448127717133,3.65806421637685,2.55869684602735,1.61683301600818,3.57251466645835,5.3191366814898,1.95083394319612,0.107446289893755,2.94021519639497,4.18758165750963,-0.156969346338399,1.92364911386989,0.360089089880953,0.575012840313551,3.25962194419553,3.23139440161492,"control"
"GSM249665",3.54734820892138,1.56358884992859,1.65737099624921,3.16165061146339,2.60428067792094,2.97862634920743,4.19620432624116,2.12928301694497,1.64385618977472,4.37606153202084,4.90901064748289,1.48239276708061,-0.168599603975745,2.4632839441329,4.09555215963242,0.304854581528421,2.12928301694497,0.482392767080608,0.519867472499271,4.19272795096657,2.87976341758565,"control"
"GSM249666",2.86431787958026,1.64753497215282,2.34476807124547,3.30727348838151,2.42125911632915,2.97288815438276,3.88887276054976,2.55131965689352,1.27195963561328,4.01668976683696,4.78553942202295,2.22840935724278,-0.179549420330713,1.48707029995958,3.88160214380378,2.04903749330855,2.16137313857751,1.41695470227313,-0.374679761662703,3.41767299705565,2.97484170246851,"metastasis"
"GSM249667",3.29980528398922,2.25341931695707,1.91106627157971,2.54968702597363,3.07511092469505,4.32766653870325,3.37529132048609,1.25779775746765,1.25779775746765,3.49788075591962,5.07138463323677,2.30721731151192,0.249027547839915,3.01946986419822,4.77182435137786,-0.327164743253509,1.82516619817407,0.711654505637019,0.275179835695883,3.97960123541004,2.89006597296716,"control"
"GSM249668",1.59734622517699,1.7840706978004,2.39350141549264,3.68939556837053,3.0162319397033,3.7042614290935,3.6263384285167,3.02006991760096,2.11643359467796,4.46027934858484,4.82589087349503,0.880111264492918,-0.545098039843217,3.08673106591591,3.9106168870668,1.17544200640988,2.24268134387763,1.33677585929468,0.408805545567329,3.60809546626868,3.43606531814393,"control"
"GSM249669",4.12509521998153,2.50250034052918,2.86732351122862,3.01559685505102,3.13345869291616,4.70003757317936,3.23688078993963,2.48580014714668,2.14886338591448,3.12509521998153,5.74127156546744,1.5171843862863,0.0412226627265129,2.66131338685127,5.5788512266593,-0.493814612662961,2.0078195044593,0.535331732996556,0.952171474909385,2.32818708535904,2.83105475753652,"control"
"GSM249670",3.7915726072645,2.35218231058996,2.54623010623244,4.09754382587722,2.9100718428532,3.32288320583975,3.5745747319264,3.62810147290112,2.19204781234045,4.49545798035346,5.56451545926019,1.75027994744709,-0.714842783268066,2.3836470801313,3.66923706434045,0.308489720562558,2.02838180136982,0.990413951170802,0.285157216731934,3.67747463951069,3.52646685141101,"control"
"GSM249681",2.61428307439138,1.79836613883035,1.36720897418823,2.34268665505416,2.51352736267821,3.05512521923766,3.53397857200235,1.76491965573721,1.71005772070269,3.24572492516707,4.58735629347939,1.38332863955151,0.275179835695883,2.72989161901917,1.89710009241571,1.30086647935953,1.91938153979172,1.44029745168058,-0.125530882083859,3.30404539002704,2.92970867795361,"control"
"GSM249682",3.57852394028253,2.45039277572681,3.31862042425798,4.22573176732939,3.65832051763382,3.13524911659478,4.31419836703068,1.83694171804595,2.07510145524072,4.38337452606861,5.37437584868453,2.92222690599092,-0.904139984592484,4.287941430502,4.7114108359621,0.341616429809474,2.30196735315648,1.46642288554576,-0.079226691150575,3.95384101053509,4.25371218454925,"control"
"GSM249683",4.63256088109356,2.65578383791085,3.11338179941774,2.71778418096259,3.26171057205326,3.87508763669984,3.38495340267802,2.94332573324303,2.5758602936139,4.24935946893672,5.850923936995,0.925521784040724,-0.626382428101137,4.25697265304659,5.78991294141947,-0.214850872323829,2.32736198093799,0.652901329377732,0.401362562381767,3.38495340267802,3.65434330355164,"control"
"GSM249684",4.23975068650543,1.62632153048221,3.10950640686579,3.87094389920213,3.27768525692588,3.70638591941139,3.58899125240621,3.96508697494319,2.36579398025899,5.26288310857175,5.56750951342849,2.00483315373594,-0.68000970935413,2.72481139388158,3.51976816121398,-0.110644063683993,2.16884876488297,0.675649242845782,0.173148902316599,3.55314605345949,3.48213794149646,"control"
"GSM249685",3.37785089732467,0.844175195602542,2.73490312770931,4.23412171391856,2.96347412397489,3.4512896237118,3.29977495264881,2.64550404265621,1.39949664838307,3.85845470882117,5.36823621019698,1.93141291474259,-0.0776208971224739,2.2829339632715,5.71398378053897,0.234121713918555,1.26303440583379,0.603167096098747,-0.230429740401866,3.9982814827737,2.60090404459018,"control"
"GSM249686",3.47913489206225,1.29005757960034,2.29747505116282,2.90284376254582,2.06518416876014,4.39231742277876,3.68355492805286,3.36257007938471,0.741806857235705,4.00981685836021,5.12164234167126,1.944386024789,-0.0874628412503394,2.73271612116485,5.43497857491276,-0.0619277491432018,2.76339371944385,1.39980298558368,0.572787786775054,4.06663193109025,2.50178701787392,"control"
"GSM249687",2.93859945533586,1.05748549466076,1.70853718583969,2.28389768744955,2.17901901200079,4.13697027848758,3.06030051026781,2.12088057594927,1.17642656738427,3.51589210789729,5.4713778230334,0.970374830890722,0.342887713523009,1.49211372229748,4.84579599836168,0.976348731935355,1.29110517142046,0.352106243552387,-0.284303022587445,3.13162695741327,1.54532552848381,"control"
"GSM249688",4.05547964622406,1.74220224253235,2.67191092048596,3.51211193531347,2.83150878376638,3.58386913572689,4.32847094075413,1.5405683813627,2.01305615282545,3.43052858102134,5.3120578508633,1.70648032029839,-0.850622375961773,2.53605290024021,4.08977547071839,0.32716474325351,2.36838740598002,1.14937762403823,0.0641303374197156,3.99753876248372,2.48073513184552,"control"
"GSM249689",2.1426043954428,2.05062607306997,2.12553088208386,4.2330593463883,3.06525000766675,3.2684888359259,3.46707617898364,5.01253384724771,1.77487261094231,3.55896729218821,4.69863702511523,1.97638744277805,-0.622930350920177,2.9668331360648,6.09502019242842,0.0641303374197156,2.27431007465462,0.527629325655204,-0.0188590272513159,3.45857971720074,3.15842936260448,"control"
"GSM249690",3.4016722411928,3.30288233919682,3.44647319282567,3.51565675797167,1.81745551202657,3.21646758737934,5.18841995022898,0.688871305965161,1.27220272110739,3.8258189849612,4.33838934158653,1.56644920306983,-0.407175381505874,3.33916854497619,6.12137781885962,0.57705730263581,2.17952845321171,0.232493011305418,0.285200061636262,3.03119462160359,3.19252189175431,"control"
"GSM249691",3.44588508679935,2.17142234982881,2.4471218593062,1.59615491559136,2.69211845474935,3.24863697745635,3.22719980679406,2.40191622758867,2.43844210361379,4.10519869549859,4.85612005318507,0.684797768300951,-0.28203536776385,2.36705747037702,3.56573382273966,0.983046866718803,2.03332007320003,0.650850436377613,-0.164038158365398,3.81599671519668,2.94415785332521,"control"
"GSM249692",4.57723513869655,3.23292308882862,2.48057446196303,4.19908504784438,2.967263213588,3.87950470781344,4.3632549571763,2.60131049480864,2.36804001974167,4.1930303617051,5.84516834394318,0.877828130006056,-0.156119201917282,3.88869121957677,5.48250633509459,-0.660911353954455,1.84044171411595,0.758991900496205,-0.0501857571682168,2.91916892538696,3.68038206579984,"control"
"GSM249693",4.97003831413486,2.53237553862694,2.22170064714871,3.59220617304778,3.53905469426456,3.48213794149646,6.35128017936363,1.41018809961745,1.52566531703738,4.92006305025719,5.7613281157213,1.35447866703116,-0.437808806937502,2.7751849163967,7.52771314568624,-0.619255678275034,1.46733200672106,1.25656491050424,0.915257799758765,3.91782259161807,3.43008765705515,"control"
"GSM249694",2.90565699566941,2.04551465925237,2.50901364748786,3.13350451239565,2.09397614820901,3.18728862038053,3.22733824394125,5.19992397037828,1.81788558954977,3.85542755191075,4.82768876458013,2.10046018177921,-1.50404250533759,2.37459367356773,6.46771004398381,0.44930740136359,1.94821745789745,1.32192809488736,0.415037499278844,3.1852566551983,3.53158140439313,"control"
"GSM249695",2.51618422273574,1.2975439362604,2.15823591566372,3.25131710687569,2.47473693816675,2.76351840076447,3.07938049495248,1.23042974040187,1.27607240595758,3.51724049737052,4.31242667093891,1.55647394376146,-0.906386949228508,2.21922261172216,3.87291128020037,1.03778466245947,1.30081906829326,1.05534303384377,0.281055813471834,2.80620306966836,2.89880824931066,"control"
"GSM249696",4.5398331252315,3.46349898823549,3.28103006370536,4.06942891842008,3.97286387006249,4.93499113111648,4.00948961273868,5.16293857112621,2.97057931686793,3.76184026280524,6.33951808178782,1.16093621821506,-1.26482768765684,3.2004645824017,6.87586857000074,-0.791758067006586,2.33619466396041,0.581972458115345,0.921748554335632,3.58570904409662,3.42062718097448,"control"
"GSM249697",2.49516583037051,2.34984679845234,2.47889744122576,1.95793594043346,1.54574119092344,2.86539553429068,3.45035803501184,1.43969955351311,0.85626452253855,3.14107944440881,4.35187847748249,1.25402403038556,-0.344911412888202,1.6914828243722,2.33184356375245,1.31860773659575,1.29176612437711,0.644519345401611,-0.334419039070559,2.89913117215041,2.44732078117238,"metastasis"
"GSM249698",3.11674932317284,2.12814807913302,2.43760892462023,3.9516322782412,2.24444021408813,3.28166422467363,3.40174067666539,3.69636142555701,2.00660273482425,3.15959363730542,4.96355896593092,1.51952805477252,-0.492059919502689,2.47736838147876,3.52125825091141,1.38916261058592,1.63482769879807,0.3298477581836,0.0583641625139888,3.76903407576167,3.55655878571749,"control"
"GSM249699",2.60976589172173,1.91188550552891,2.50348109858251,4.31649735573054,2.66734744331251,2.2128301988182,3.4594316186373,2.209227962138,1.0165828841956,3.45639596251277,4.94420848557389,2.96304640531154,-1.18670071419314,3.41086182330765,5.92539579193515,0.542651695863192,2.1522115603251,0.774825137992225,0.882784386128145,3.28219123369322,3.33686124186387,"control"
"GSM249700",2.14105186341337,1.29231643877682,1.59900606764516,2.71811727953284,2.35094416874753,2.29032054953865,2.65695341685444,0.744112488065785,0.730437551168708,3.49134641768582,3.41187916700744,1.52737992114771,-0.958272874390277,4.83568687591402,3.87617045305014,0.655920337654634,0.950304097846129,-0.183832574805408,-0.586591744305815,2.24981171026229,2.33166510625265,"control"
"GSM249701",2.78602340912677,1.98510112362066,2.89896367983689,4.32390303707242,2.37813151653545,3.24167304537803,4.12758805488485,3.39419838137752,1.74386609607222,4.70233875098195,5.15558068783778,1.52442095878611,-0.319459839296613,2.61107534104029,5.32538247152873,0.341556901636295,1.89498382892434,1.12758805488485,0.317970081318679,3.77162513551818,3.23853561382427,"control"
"GSM249702",3.86103247391627,1.52685954615759,3.00473791900666,3.72313697855994,2.79464387030805,3.5583535752627,3.95664363080562,1.13289427049735,1.99365847312617,3.51473135440339,5.65168116675106,1.81636616335257,-0.501973136050125,1.80010518297822,4.91718884852911,0.57650092197296,1.56157268044558,0.415037499278844,-0.398261786528017,4.03245663065204,3.51085090430746,"control"
"GSM249704",2.90965349790375,1.75982970251794,2.77270192023243,4.51330507210887,3.5365296403583,3.33842669320456,3.15447844017119,0.743404154604832,1.30803365322898,2.73442827710803,4.66635731031705,2.29775866939559,0.441300184092446,2.9035065135686,3.33157519208492,-0.027924001562439,1.90965349790375,0.808013236027909,0.132045919240194,3.10765578601565,3.18672735700685,"control"
"GSM249705",3.17097921781431,2.80192103600698,2.34452952382449,2.64689024986436,2.01885902725132,2.74925196749404,4.17097921781431,2.08298936467103,1.72935241005633,3.71352218095461,4.52067036875079,0.96639160735718,0.219678036639412,1.89162383895521,3.24192044699571,0.169925001442312,1.70335720152339,0.640815735454674,-0.192645077942396,3.4262647547021,2.63012339928495,"control"
"GSM249706",3.68650052718322,2.97727992349992,2.97519660899943,4.27443110104125,2.90141546554237,3.61470984411521,3.66791792242182,4.12693907647667,1.92427267383676,3.73962720501572,5.27908291379197,1.76698057415149,-0.678071905112638,2.54197657575551,5.08649815044817,-0.34049054591379,1.52925306813487,0.690315500867385,-0.0931094043914815,3.49185309632968,2.87484166666989,"control"
"GSM249707",0.710447926903942,0.275087430345003,0.487887770298331,0.560391519473551,0.490133650766441,0.760507337974137,0.504369090640723,0.375449376583896,0.272926509795847,0.737354321632023,0.909902471695785,0.226423724473144,-0.0481531922298789,0.476422077755463,1.46979936195077,0.188048931969586,0.359185720939957,0.123071337822556,0.0506321378739867,0.611346213338061,0.63915119328547,"control"
"GSM249708",1.97825822084593,1.6094155444457,2.11262885511091,2.26149224102539,2.44024806207612,3.09397614820901,2.66685368095519,1.74066007772395,0.415037499278844,3.26406160063752,3.18897974124102,2.26406160063752,-0.156119201917282,0.572578776265324,0.415037499278844,1.04849851769119,1.60131049480864,0.77349147019132,0.0244530437245389,2.74618412419558,2.61143471208235,"control"
"GSM249709",4.24084678737293,2.81690922877085,3.41451316889296,4.9266062999759,3.43093871680607,3.18014045799569,4.67110901428812,2.84753084451217,2.19212074755651,4.58705791872335,5.997901534116,1.80255393579378,0.231946728049697,2.8568235983219,4.71232703993542,-0.580774703757723,1.8888848075542,1.15869774601906,0.677023053709924,4.61812936465636,3.79713366000953,"control"
"GSM249710",3.22070604470856,2.03661014313421,2.39295933381978,3.39680481377107,2.92031111137084,3.30701988759119,3.6188314402169,3.4471218593062,1.59168836390947,4.67321824940607,4.69368235196578,1.66154503717385,-0.675377795943375,2.32192809488736,3.66420634588072,1.33267447635136,1.24152658829316,0.793808390219656,-0.0203677976939617,3.42595115943059,2.97620943666525,"control"
"GSM249711",1.53755963149036,1.14937762403823,1.25938662881865,2.01522073693877,1.8235023446342,3.61381736339334,2.89694698612685,2.07454695336505,0.084888897586513,3.43619415087541,3.70379873023101,1.1650592462705,-0.278859372995476,1.18442457113743,4.33455094089445,2.34620478619401,1.27030240629783,-0.108934371553164,-0.520832163301441,2.36838740598002,2.02169507109932,"control"
"GSM249713",3.99745780543755,1.92439434324782,2.46680172427431,3.72830379322385,3.0862670723954,3.48778343202063,3.73060168865134,3.17443342711406,2.18340823080593,4.12637728576956,5.72753701401851,2.69103080409037,-1.26710407014284,3.18564323518924,5.79148393079837,0.342105976824993,2.26810539538122,1.37772988655571,0.457583194244929,4.37528422561932,3.29423242309657,"control"
"GSM249772",2.32665050512977,1.86042555099213,2.13265774372562,3.26032187696877,2.72031435361604,3.41355857035293,3.61615712232475,1.84404972203829,0.933448807091394,3.47546766785597,4.54853769268732,1.72031435361604,-0.301380717483277,2.489222840285,3.20753446260934,0.391190757324476,1.17778711921528,0.830813894881593,1.0350469470992,3.22281469414523,3.10268566397456,"control"
"GSM249952",1.60508920057307,1.10395096403891,1.37936176767485,2.13825708607623,2.00138123039836,2.2283026919575,2.29289455231175,1.50736938005092,0.34713343477704,2.70256414061434,3.10523621583072,1.16685085785236,-0.188702208472941,1.54005007884558,2.68805599368526,0.860837252328375,1.01101299272242,-0.481011536682248,0.31194400631474,2.39100073468801,1.91460850876936,"control"
"GSM250002",2.71484278326807,1.73382588663564,1.05386687197874,4.15503818304245,2.32506098437233,2.67856186777345,2.56919518486284,0.944043594025985,0.919381539791715,3.35602129355577,3.44222232860507,1.29661700635817,0.418952549282227,0.615989396341781,2.49045851425792,0.244622368719913,0.927649155775316,0.531720479444177,-0.114171019919311,2.39231742277876,2.41895254928223,"metastasis"
"GSM250004",0.89616418901546,1.16457176694811,0.753699609926007,2.17614543934285,1.39993060688864,2.6868117546768,2.25717828571053,1.46088815085681,-0.420390733773051,2.19901791296264,1.3536369546147,1.22410889392547,-0.819427754358179,1.43592486575267,2.01395845758992,0.337869638756384,-0.248679112856724,-0.012072832300575,-0.0406419844973459,1.72367990341598,1.88101196378291,"control"
"GSM250006",2.07494609433893,2.21625405249778,1.15301161850597,0.390875448604854,0.618205792756969,2.99747559858445,2.98987578272629,2.54403223666627,1.44745897697122,3.98765160757236,1.35188131698899,0.557805086288007,0.143909411398713,-0.205675026391514,3.38267692555682,1.34792330342031,1.52837897235479,-0.684137905811992,0.908906941207023,0.139336681608889,3.02933549781863,"control"
"GSM250007",4.37980147138693,1.86098588855252,3.50447258286079,2.66225850191453,3.33329058850421,3.82213725144134,3.46794670683567,3.3557505803021,2.01501951722494,4.36131136616754,5.79556400378643,0.794838970665777,-0.853375086281517,3.12140099365132,6.18835307786674,-0.0339473319233377,1.72348236480258,1.37334066775057,0.509194993103191,3.59832088357618,3.19505454631209,"control"
"GSM250009",2.99471216864024,1.79827816693844,3.14069886290974,3.47217073046798,2.70853718583969,2.86548433328379,3.3042260931539,1.50787197369505,1.70422419296861,3.8903755088255,4.76294509382616,2.48542682717024,-1.43155258606186,2.94805378496735,3.15814783366596,1.34842589706444,1.35943888978686,0.912976937762634,0.0887042252714804,3.21609518287524,4.10515474605207,"control"
"GSM250010",2.94641895979516,1.3272615391904,1.52356195605701,2.94381716460688,1.83569954775157,2.6566234858486,3.38402421597928,0.852442811586142,0.216656051787303,2.55231330697734,4.38626169627405,1.8505920158982,-0.14017765804826,2.09998088109677,5.08096553428103,0.25073704703041,2.45212681801406,0.841302253980942,0.0780025120012732,2.81211786808356,2.69426114321197,"control"
"GSM250011",2.71998343398386,2.61031807499805,2.39960745870924,3.23331370771379,2.57297564804103,3.22129573178087,3.77258950389693,1.63852577713656,1.3682432877999,2.44728843556303,5.02535557427689,1.39572402422201,0.278301162487104,1.99743975968144,5.84486710640234,-0.0520885111484542,1.57125508130056,1.00510689043309,0.843442222295517,3.1947219329084,3.33921826707697,"control"
"GSM250012",3.14890523166568,1.92779549104576,2.72453403420113,3.41530424515016,2.61732074253104,3.05136180414863,2.9806635149024,3.41530424515016,1.39353643006792,3.34898999111466,4.58851506356255,2.11875681656103,-0.567989422117443,1.96544277796363,6.18232088632702,0.153709415395453,1.96980797052503,1.14215238397305,0.587805250489981,3.66049175637763,3.38048027724248,"control"
"GSM250013",2.53807611309032,1.62085915741193,2.02494635713023,3.05855813956005,2.02906246560246,3.49110732477474,3.5409615041339,3.02288389067334,0.26023577248112,3.40504248909995,4.31898938725516,1.90912559999183,0.0413407953808996,1.67702305370992,4.80885195969415,0.52210247688258,1.06157527912095,0.76849209972015,0.510373184300473,3.48961462413368,2.53807611309032,"control"
"GSM250014",3.00393212301441,2.36781053208059,3.21540052986373,4.58627439954838,3.18385746163839,3.86815534398394,3.56434089010507,3.01098304954883,2.18177615080727,3.91693551027598,5.62099610696264,1.93722924434779,-0.794809668738491,2.89888847152355,5.34845757764218,0.464576960080159,1.71538506358069,0.819007694654851,0.0434392612648973,3.10257745418159,3.95926801300467,"control"
"GSM250015",3.02631969853892,0.661198086548241,2,3.5375946530355,2.48262819381757,3.71584230260045,2.77177095349716,6.00471041788597,1.15367967125243,5.16276211874328,5.17643411031587,1.55482678274784,-0.456638403745617,2.1308798018793,5.16369842707742,-0.381870635343644,1.92246339952898,0.770132458101405,0.901662080806708,3.46349269110323,2.95887863518893,"control"
"GSM250016",3.44730805955481,2.93439411064674,3.19122960701004,4.59048526558269,2.14625710413328,3.11872392037713,4.21904697747152,2.52119795819206,1.89354905836936,3.46654794326608,5.53337046304614,1.4763437224078,-0.44965569614842,2.25395130107136,4.56444450089643,0.0298705295821377,1.91771536950011,0.375257597293489,-0.346277956303111,2.86068442446373,3.3565210347119,"control"
"GSM250017",3.61092651955685,2.47113391156486,1.95295625206089,3.38246963682241,3.16759431427808,2.78927705883076,3.72336550979152,1.41197769952979,1.89214401023933,3.91825685055846,4.95678572041835,1.70339248602454,0.0748736193166451,3.9103795816884,3.72204254313221,1.17418817323483,0.625151590836855,1.00348898607988,0.876056066751646,3.38012297305738,4.18536742922233,"control"
"GSM250018",3.02687838367615,1.75346822507813,1.25663663463564,3.10907944622179,2.8415991353568,3.74397052757054,3.70534184667988,2.97586064641458,1.27785312054534,4.87243653927939,5.65833788526126,1.77601079372922,-0.176322772640463,2.29616499882228,7.40668475456722,0.0253110885291876,1.24051696927237,1.15136459153558,0.967723596976244,4.25930582141163,3.56676128290912,"control"
